{
  "workspaceID" : 2758147781251039241,
  "username" : "arshadic",
  "neurons" : [ {
    "neuronID" : 2759920173438730249,
    "notes" : [ [ -11.140992885179003, 28.685109732648925, 11.87578005551768, "traced end" ] ]
  } ],
  "offset" : [ 73448.51153076396, 14630.94021975954, 33145.23845787062 ]
}