{
  "workspaceID" : 2759942926556463113,
  "username" : "arshadic",
  "neurons" : [ {
    "neuronID" : 2759943949354270729,
    "notes" : [ [ 52.7285895133391, 42.046324766979524, 19.362388240660948, "traced end" ] ]
  } ],
  "offset" : [ 73199.47158733325, 17686.1460154953, 35005.84707482752 ]
}