{
  "workspaceID" : 2759942926556463113,
  "username" : "arshadic",
  "neurons" : [ {
    "neuronID" : 2759946617485262857,
    "notes" : [ [ -14.812900438977522, -2.7968767159654817, -27.240599527089216, "traced end" ] ]
  } ],
  "offset" : [ 73205.78739339589, 17669.509382938064, 35010.42317339073 ]
}