{
  "workspaceID" : 2759942926556463113,
  "username" : "arshadic",
  "neurons" : [ {
    "neuronID" : 2759948466338660361,
    "notes" : [ [ 4.90658790753514, 24.19584504942759, -70.04481534090883, "traced end" ] ]
  } ],
  "offset" : [ 73203.09163178943, 17660.598965302135, 34998.592433238635 ]
}