{
  "workspaceID" : 2759952507252768777,
  "username" : "arshadic",
  "neurons" : [ {
    "neuronID" : 2759954376243019785,
    "notes" : [ [ -10.716430452113855, -8.337951348592469, 3.0430580887114047, "traced end" ], [ 8.397929396378458, 16.37453096167519, -1.1596308317457442, "traced end" ], [ 4.813986924782512, -17.37910341332463, -17.970386513559788, "traced end" ], [ -45.06254580485984, -27.625742420019378, -43.18652003628813, "traced end" ], [ 18.25377119325276, 14.566300548729487, 21.955158230754023, "traced end" ] ]
  } ],
  "offset" : [ 71669.85417867654, 17431.240723558414, 35668.32982649936 ]
}