{
  "workspaceID" : 2759923749728813065,
  "username" : "arshadic",
  "neurons" : [ {
    "neuronID" : 2759924379679719433,
    "notes" : [ [ 1.2122158359998139, 4.739218271843129, 1.833526048634667, "traced end" ], [ -6.2543309798202245, -4.000562057397474, 1.833526048634667, "traced end" ] ]
  } ],
  "offset" : [ 77055.34289460434, 15483.055640349809, 36969.22090719 ]
}