{
  "workspaceID" : 2759923749728813065,
  "username" : "arshadic",
  "neurons" : [ {
    "neuronID" : 2759931948729106441,
    "notes" : [ [ 7.77425904822303, -40.86783382796057, -23.8789143207905, "traced end" ] ]
  } ],
  "offset" : [ 77035.34106712365, 15507.265299229746, 36983.375953028175 ]
}