{
  "workspaceID" : 2760272861737254927,
  "username" : "arshadic",
  "neurons" : [ {
    "neuronID" : 2760295866005717007,
    "notes" : [ [ -4.12260049188626, 12.076395972177124, -15.74132144759642, "traced end" ], [ -5.317247982413392, 5.144846055882226, -34.653421589646314, "traced end" ], [ 1.2533132154931081, -15.649803693002468, 58.85640689047432, "traced end" ] ]
  } ],
  "offset" : [ 75614.85558551793, 16095.037379083627, 35244.78119715783 ]
}